"TARGET","cat","TARGET_pol","25%","50%","75%","mean"
"dry","descriptive_concepts","neutral",-0.36648,-0.07997,0.24731,-0.0307300810497877
"large","descriptive_concepts","neutral",-0.05076,0.16594,0.3242,0.12332260461845
"loud","descriptive_concepts","neutral",-0.53278,0.10713,0.23037,-0.0470285702073093
"narrow","descriptive_concepts","neutral",-0.27912,-0.05076,0.14091,-0.0634083943623048
"permanent","descriptive_concepts","neutral",-0.29923,0.03732,0.29032,0.0106067075455629
"rainy","descriptive_concepts","neutral",-0.1524,-0.1524,3e-04,-0.109501044558072
"short","descriptive_concepts","neutral",-0.05076,0.20878,0.61351,0.201149039860343
"wooden","descriptive_concepts","neutral",-0.45615,-0.15113,0.01355,-0.172924446974626
"yellow","descriptive_concepts","neutral",0.15873,0.2945,0.33907,0.228758208857299
"cruel","thick_moral_concepts_NEG","negative",-0.53112,-0.4196,0.20954,-0.257841724993994
"reckless","thick_moral_concepts_NEG","negative",-0.6128,-0.50517,-0.31108,-0.396095889172725
"rude","thick_moral_concepts_NEG","negative",-0.56919,-0.47964,-0.33378,-0.406687054072688
"selfish","thick_moral_concepts_NEG","negative",-0.60932,-0.50294,-0.34819,-0.420597979932426
"vicious","thick_moral_concepts_NEG","negative",-0.61527,-0.4988,-0.11166,-0.341579185405176
"compassionate","thick_moral_concepts_POS","positive",0.2033,0.44445,0.60194,0.403990142497904
"courageous","thick_moral_concepts_POS","positive",0.29083,0.45758,0.62303,0.414520615030131
"friendly","thick_moral_concepts_POS","positive",0.29928,0.48037,0.63314,0.409939041437325
"generous","thick_moral_concepts_POS","positive",0.37787,0.53375,0.69507,0.485308235725639
"honest","thick_moral_concepts_POS","positive",0.23037,0.3242,0.50443,0.322653155115512
"boring","thick_non-moral_concepts_NEG","negative",-0.45615,-0.30628,-0.1215,-0.255170434528677
"disgusting","thick_non-moral_concepts_NEG","negative",-0.63729,-0.50442,-0.38925,-0.430891935411021
"insane","thick_non-moral_concepts_NEG","negative",-0.55439,-0.39617,0.026465,-0.239440906580016
"stupid","thick_non-moral_concepts_NEG","negative",-0.56575,-0.44229,-0.1932225,-0.338076055086628
"ugly","thick_non-moral_concepts_NEG","negative",-0.56726,-0.4593,-0.13256,-0.321308993113275
"beautiful","thick_non-moral_concepts_POS","positive",0.2824,0.52814,0.63314,0.409091508494435
"delicious","thick_non-moral_concepts_POS","positive",0.21734,0.48278,0.63314,0.400954617090479
"funny","thick_non-moral_concepts_POS","positive",0.07061,0.47333,0.63043,0.285003756000468
"justified","thick_non-moral_concepts_POS","positive",0.06251,0.29928,0.49764,0.282104531666667
"wise","thick_non-moral_concepts_POS","positive",0.22792,0.44415,0.54675,0.349001441556371
"awful","thin_concepts_NEG","negative",-0.61527,-0.4679,-0.22435,-0.357413889425398
"bad","thin_concepts_NEG","negative",-0.54759,-0.34088,0.35327,-0.101289308898897
"terrible","thin_concepts_NEG","negative",-0.58894,-0.45258,-0.13881,-0.31243949520853
"good","thin_concepts_POS","positive",-0.46292,0.10634,0.47333,0.0616506308788599
"great","thin_concepts_POS","positive",0.1706,0.424535,0.61745,0.345414878816494
"terrific","thin_concepts_POS","positive",0.05729,0.36589,0.61351,0.240513797743056
"bloody","value-associated_concepts_NEG","negative",-0.5903,-0.48678,-0.1215,-0.347050091379836
"broken","value-associated_concepts_NEG","negative",-0.5747,-0.44052,-0.23905,-0.342713895558223
"closed","value-associated_concepts_NEG","negative",-0.03172,0.23678,0.3242,0.134998764761455
"empty","value-associated_concepts_NEG","negative",-0.58178,-0.34321,-0.0590275,-0.267968691977462
"homeless","value-associated_concepts_NEG","negative",-0.5708,-0.3786,-0.28345,-0.35669437804482
"quiet","value-associated_concepts_POS","positive",-0.02857,0.23558,0.50544,0.215034820387217
"rich","value-associated_concepts_POS","positive",-0.02674,0.26094,0.33655,0.177063337610951
"shiny","value-associated_concepts_POS","positive",0.24689,0.49317,0.62681,0.39619268764796
"sunny","value-associated_concepts_POS","positive",0.16983,0.48037,0.67653,0.379493467048711
"tall","value-associated_concepts_POS","positive",0.09642,0.15873,0.42983,0.200837371940449
